annee,systeme_economique_redistribution,gouvernance_institutions,geopolitique_conflits,valeurs_culture_tempo_sociale,organisation_territoires,sante_biotechnologies,frontieres_du_systeme,technologie_information,climat_environnement_global,energie_ressources_critiques,demographie_mobilite_humaine,systemes_productifs_travail
2025.0,55.0,20.0,45.0,50.0,50.0,45.0,55.0,65.0,45.0,58.0,50.0,60.0
2025.5,55.0,20.0,45.0,50.0,50.0,45.0,55.0,65.0,45.0,58.0,50.0,60.0
2026.0,55.0,20.0,45.0,50.0,50.0,45.0,55.0,65.0,45.0,58.0,50.0,60.0
2026.5,55.0,20.0,45.0,50.0,50.0,45.0,55.0,65.0,45.0,58.0,50.0,60.0
2027.0,55.0,20.0,45.0,50.0,50.0,45.0,55.0,65.0,45.0,58.0,50.0,60.0
2027.5,55.0,20.0,45.0,50.0,50.0,45.0,55.0,65.0,45.0,58.0,50.0,60.0
2028.0,55.0,20.0,45.0,50.0,50.0,45.0,55.0,65.0,45.0,58.0,50.0,60.0
2028.5,55.0,19.99,45.0,50.0,50.0,45.0,55.0,65.0,45.0,58.01,50.0,60.0
2029.0,55.0,19.98,44.99,50.0,50.0,45.0,55.0,64.99,45.0,58.03,50.01,60.0
2029.5,55.0,19.97,44.98,50.0,50.0,45.0,55.0,64.98,45.0,58.05,50.01,60.0
2030.0,55.0,19.96,44.97,50.01,50.0,45.0,55.0,64.97,45.0,58.09,50.02,60.0
2030.5,55.0,19.94,44.96,50.01,50.01,45.0,55.0,64.96,45.0,58.13,50.04,60.0
2031.0,55.0,19.91,44.94,50.02,50.01,45.0,55.0,64.94,45.0,58.19,50.05,60.0
2031.5,55.0,19.88,44.91,50.03,50.01,45.0,55.0,64.91,45.0,58.26,50.07,60.0
2032.0,55.0,19.85,44.88,50.03,50.02,45.0,55.0,64.88,45.0,58.35,50.1,60.0
2032.5,55.0,19.81,44.85,50.03,50.03,45.0,55.0,64.85,45.0,58.45,50.13,60.0
2033.0,55.0,19.77,44.81,50.04,50.04,45.0,55.0,64.82,45.0,58.57,50.16,60.0
2033.5,55.0,19.72,44.77,50.03,50.04,45.0,55.0,64.78,45.0,58.69,50.19,60.0
2034.0,55.0,19.67,44.72,50.03,50.05,45.0,55.0,64.74,45.0,58.82,50.23,60.0
2034.5,55.0,19.61,44.66,50.03,50.06,45.0,55.0,64.69,45.0,58.95,50.27,60.0
2035.0,55.0,19.54,44.6,50.02,50.08,45.0,55.0,64.64,45.0,59.08,50.32,60.0
2035.5,55.0,19.47,44.54,50.02,50.09,45.0,55.0,64.59,45.0,59.22,50.37,60.0
2036.0,55.0,19.4,44.47,50.01,50.1,45.0,55.0,64.54,45.0,59.35,50.42,60.0
2036.5,55.0,19.32,44.4,50.0,50.11,45.0,55.0,64.49,45.0,59.48,50.47,60.0
2037.0,55.0,19.24,44.33,49.99,50.13,45.0,55.0,64.43,45.0,59.6,50.52,60.0
2037.5,55.0,19.16,44.25,49.98,50.14,45.0,55.0,64.38,45.0,59.72,50.58,60.0
2038.0,55.0,19.07,44.17,49.97,50.16,45.0,55.0,64.32,45.0,59.83,50.63,60.0
2038.5,55.0,18.98,44.08,49.95,50.17,45.0,55.0,64.27,45.0,59.93,50.67,60.01
2039.0,55.0,18.88,44.0,49.94,50.18,45.0,55.0,64.21,45.0,60.03,50.72,60.01
2039.5,55.0,18.77,43.91,49.93,50.19,45.0,55.0,64.16,45.0,60.12,50.77,60.01
2040.0,55.0,18.66,43.84,49.91,50.2,45.0,55.0,64.11,45.0,60.2,50.82,60.02
2040.5,55.0,18.53,43.77,49.9,50.2,44.99,55.0,64.05,45.0,60.28,50.88,60.03
2041.0,54.99,18.38,43.71,49.88,50.2,44.98,55.0,64.0,45.0,60.35,50.94,60.05
2041.5,54.98,18.22,43.67,49.87,50.2,44.97,55.0,63.94,45.0,60.42,51.0,60.08
2042.0,54.97,18.05,43.64,49.85,50.19,44.95,54.99,63.88,45.01,60.49,51.07,60.11
2042.5,54.96,17.87,43.64,49.84,50.19,44.92,54.99,63.81,45.01,60.55,51.14,60.16
2043.0,54.94,17.67,43.65,49.82,50.18,44.89,54.98,63.74,45.01,60.61,51.22,60.21
2043.5,54.93,17.46,43.68,49.81,50.17,44.85,54.98,63.67,45.02,60.67,51.3,60.28
2044.0,54.91,17.24,43.72,49.79,50.16,44.8,54.97,63.59,45.02,60.73,51.39,60.35
2044.5,54.89,17.02,43.79,49.77,50.15,44.75,54.96,63.5,45.03,60.78,51.49,60.43
2045.0,54.87,16.8,43.88,49.76,50.14,44.7,54.95,63.41,45.04,60.83,51.59,60.52
2045.5,54.84,16.57,43.98,49.74,50.14,44.64,54.93,63.31,45.05,60.87,51.7,60.61
2046.0,54.82,16.35,44.1,49.73,50.14,44.58,54.92,63.21,45.06,60.92,51.81,60.71
2046.5,54.8,16.14,44.24,49.72,50.15,44.51,54.9,63.11,45.08,60.96,51.93,60.82
2047.0,54.77,15.93,44.4,49.72,50.16,44.44,54.88,63.0,45.09,60.99,52.06,60.93
2047.5,54.74,15.73,44.57,49.71,50.18,44.36,54.86,62.89,45.11,61.02,52.2,61.05
2048.0,54.72,15.54,44.76,49.72,50.2,44.28,54.84,62.76,45.13,61.05,52.34,61.16
2048.5,54.69,15.37,44.96,49.72,50.23,44.21,54.82,62.63,45.16,61.06,52.49,61.28
2049.0,54.67,15.2,45.18,49.72,50.26,44.12,54.79,62.49,45.19,61.06,52.65,61.39
2049.5,54.64,15.06,45.41,49.72,50.3,44.04,54.76,62.33,45.22,61.04,52.8,61.5
2050.0,54.61,14.93,45.65,49.72,50.35,43.96,54.74,62.16,45.26,61.01,52.96,61.6
2050.5,54.59,14.81,45.91,49.71,50.4,43.87,54.7,61.97,45.3,60.95,53.11,61.69
2051.0,54.56,14.71,46.17,49.7,50.45,43.79,54.67,61.77,45.35,60.88,53.26,61.78
2051.5,54.54,14.62,46.43,49.68,50.51,43.7,54.64,61.55,45.4,60.79,53.4,61.86
2052.0,54.51,14.54,46.7,49.66,50.56,43.62,54.6,61.32,45.45,60.68,53.54,61.93
2052.5,54.48,14.48,46.96,49.63,50.62,43.54,54.56,61.08,45.52,60.55,53.67,62.0
2053.0,54.46,14.42,47.23,49.6,50.67,43.47,54.52,60.83,45.58,60.4,53.79,62.06
2053.5,54.43,14.38,47.49,49.57,50.72,43.4,54.48,60.58,45.65,60.24,53.91,62.11
2054.0,54.41,14.34,47.75,49.53,50.76,43.34,54.44,60.31,45.73,60.05,54.01,62.16
2054.5,54.39,14.31,48.0,49.49,50.8,43.29,54.4,60.04,45.81,59.84,54.11,62.2
2055.0,54.37,14.28,48.24,49.45,50.83,43.24,54.35,59.77,45.9,59.61,54.2,62.23
2055.5,54.36,14.26,48.47,49.41,50.85,43.21,54.31,59.51,45.99,59.37,54.29,62.25
2056.0,54.35,14.24,48.68,49.36,50.87,43.18,54.26,59.25,46.09,59.11,54.36,62.26
2056.5,54.34,14.23,48.89,49.32,50.87,43.16,54.22,59.0,46.19,58.84,54.43,62.25
2057.0,54.34,14.23,49.08,49.27,50.87,43.14,54.17,58.76,46.29,58.56,54.49,62.22
2057.5,54.34,14.23,49.25,49.22,50.86,43.14,54.12,58.53,46.4,58.27,54.55,62.18
2058.0,54.35,14.23,49.41,49.17,50.84,43.13,54.07,58.32,46.51,57.96,54.6,62.12
2058.5,54.36,14.23,49.56,49.12,50.82,43.13,54.03,58.12,46.62,57.65,54.64,62.05
2059.0,54.37,14.24,49.69,49.07,50.79,43.14,53.98,57.95,46.74,57.34,54.68,61.96
2059.5,54.38,14.25,49.81,49.02,50.75,43.15,53.93,57.79,46.85,57.02,54.71,61.86
2060.0,54.4,14.27,49.92,48.97,50.71,43.16,53.88,57.65,46.97,56.71,54.74,61.74
2060.5,54.42,14.28,50.02,48.92,50.67,43.18,53.84,57.53,47.09,56.4,54.77,61.61
2061.0,54.44,14.3,50.1,48.87,50.62,43.19,53.79,57.43,47.21,56.1,54.79,61.47
2061.5,54.46,14.31,50.17,48.82,50.56,43.21,53.75,57.36,47.33,55.82,54.8,61.33
2062.0,54.48,14.32,50.23,48.77,50.51,43.23,53.71,57.3,47.45,55.55,54.82,61.17
2062.5,54.5,14.33,50.27,48.72,50.45,43.25,53.67,57.27,47.57,55.31,54.83,61.01
2063.0,54.52,14.32,50.31,48.67,50.4,43.27,53.63,57.25,47.69,55.08,54.84,60.84
2063.5,54.54,14.32,50.33,48.63,50.35,43.29,53.6,57.26,47.8,54.89,54.85,60.68
2064.0,54.55,14.3,50.35,48.59,50.3,43.31,53.57,57.3,47.92,54.72,54.86,60.52
2064.5,54.55,14.27,50.36,48.56,50.26,43.33,53.54,57.35,48.03,54.58,54.86,60.36
2065.0,54.55,14.23,50.36,48.54,50.24,43.35,53.52,57.43,48.13,54.46,54.86,60.21
2065.5,54.55,14.18,50.35,48.52,50.21,43.37,53.5,57.52,48.24,54.38,54.87,60.07
2066.0,54.53,14.12,50.33,48.51,50.2,43.39,53.48,57.64,48.34,54.32,54.87,59.94
2066.5,54.51,14.05,50.31,48.5,50.19,43.41,53.47,57.76,48.43,54.29,54.87,59.83
2067.0,54.49,13.97,50.29,48.49,50.19,43.43,53.46,57.91,48.52,54.29,54.87,59.72
2067.5,54.46,13.89,50.27,48.49,50.2,43.44,53.45,58.06,48.6,54.32,54.87,59.62
2068.0,54.42,13.8,50.24,48.5,50.21,43.46,53.45,58.22,48.67,54.37,54.87,59.54
2068.5,54.37,13.72,50.22,48.5,50.22,43.48,53.45,58.39,48.75,54.45,54.87,59.46
2069.0,54.32,13.63,50.19,48.5,50.24,43.49,53.45,58.56,48.81,54.55,54.86,59.39
2069.5,54.27,13.55,50.17,48.5,50.26,43.51,53.45,58.73,48.87,54.67,54.86,59.34
2070.0,54.21,13.47,50.15,48.5,50.28,43.53,53.46,58.9,48.92,54.82,54.86,59.29
2070.5,54.14,13.4,50.13,48.5,50.31,43.54,53.47,59.06,48.97,54.98,54.85,59.25
2071.0,54.07,13.33,50.11,48.5,50.34,43.56,53.49,59.22,49.01,55.17,54.84,59.22
2071.5,54.0,13.27,50.11,48.5,50.37,43.58,53.5,59.36,49.04,55.36,54.83,59.2
2072.0,53.92,13.21,50.1,48.49,50.4,43.59,53.52,59.5,49.06,55.58,54.82,59.18
2072.5,53.84,13.16,50.11,48.49,50.44,43.61,53.54,59.63,49.08,55.79,54.8,59.17
2073.0,53.76,13.11,50.12,48.48,50.47,43.63,53.56,59.74,49.1,56.02,54.78,59.17
2073.5,53.68,13.07,50.13,48.48,50.51,43.64,53.58,59.84,49.1,56.25,54.75,59.17
2074.0,53.6,13.04,50.16,48.48,50.55,43.66,53.61,59.93,49.1,56.48,54.72,59.17
2074.5,53.52,13.01,50.19,48.49,50.59,43.68,53.63,60.01,49.09,56.7,54.69,59.18
2075.0,53.44,12.99,50.23,48.5,50.63,43.7,53.66,60.09,49.08,56.92,54.65,59.2
2075.5,53.36,12.97,50.27,48.52,50.66,43.71,53.69,60.16,49.06,57.14,54.6,59.22
2076.0,53.28,12.97,50.31,48.54,50.69,43.73,53.72,60.23,49.04,57.35,54.56,59.24
2076.5,53.2,12.97,50.36,48.56,50.71,43.75,53.75,60.31,49.0,57.54,54.51,59.26
2077.0,53.12,12.97,50.41,48.59,50.73,43.77,53.78,60.38,48.96,57.73,54.46,59.28
2077.5,53.05,12.98,50.45,48.62,50.74,43.79,53.81,60.46,48.92,57.9,54.4,59.31
2078.0,52.98,12.99,50.49,48.65,50.74,43.81,53.85,60.55,48.87,58.06,54.34,59.34
2078.5,52.91,13.01,50.53,48.69,50.74,43.82,53.88,60.64,48.81,58.21,54.29,59.36
2079.0,52.85,13.02,50.56,48.73,50.73,43.84,53.92,60.75,48.74,58.34,54.22,59.39
2079.5,52.78,13.04,50.59,48.76,50.71,43.86,53.95,60.86,48.67,58.46,54.16,59.42
2080.0,52.72,13.05,50.61,48.8,50.69,43.87,53.99,60.99,48.6,58.57,54.1,59.45
2080.5,52.67,13.08,50.62,48.84,50.66,43.89,54.03,61.12,48.52,58.66,54.03,59.48
2081.0,52.61,13.1,50.63,48.88,50.63,43.91,54.07,61.26,48.43,58.74,53.97,59.5
2081.5,52.56,13.13,50.63,48.93,50.6,43.92,54.11,61.42,48.34,58.81,53.9,59.53
2082.0,52.51,13.16,50.62,48.97,50.56,43.94,54.15,61.58,48.25,58.87,53.84,59.55
2082.5,52.47,13.21,50.61,49.01,50.52,43.95,54.19,61.75,48.15,58.91,53.78,59.57
2083.0,52.43,13.26,50.58,49.05,50.48,43.97,54.23,61.94,48.05,58.94,53.71,59.6
2083.5,52.4,13.31,50.55,49.09,50.43,43.99,54.27,62.12,47.94,58.97,53.65,59.62
2084.0,52.37,13.37,50.52,49.13,50.39,44.0,54.31,62.32,47.83,58.98,53.59,59.64
2084.5,52.35,13.44,50.48,49.17,50.34,44.02,54.35,62.52,47.72,58.98,53.53,59.66
2085.0,52.34,13.52,50.43,49.21,50.29,44.03,54.39,62.72,47.61,58.98,53.47,59.67
2085.5,52.33,13.6,50.37,49.26,50.25,44.05,54.43,62.93,47.5,58.97,53.41,59.69
2086.0,52.33,13.69,50.31,49.3,50.2,44.06,54.47,63.13,47.38,58.95,53.35,59.71
2086.5,52.34,13.78,50.25,49.34,50.16,44.08,54.51,63.33,47.26,58.92,53.3,59.72
2087.0,52.35,13.87,50.18,49.38,50.11,44.1,54.55,63.52,47.15,58.9,53.24,59.74
2087.5,52.37,13.97,50.1,49.42,50.06,44.12,54.59,63.7,47.04,58.86,53.19,59.75
2088.0,52.39,14.08,50.02,49.45,50.02,44.13,54.63,63.85,46.92,58.82,53.14,59.76
2088.5,52.42,14.18,49.94,49.49,49.98,44.15,54.66,63.99,46.81,58.78,53.09,59.78
2089.0,52.46,14.29,49.86,49.52,49.93,44.17,54.7,64.12,46.7,58.74,53.04,59.79
2089.5,52.5,14.39,49.77,49.55,49.89,44.19,54.74,64.22,46.6,58.7,53.0,59.8
2090.0,52.55,14.49,49.69,49.58,49.85,44.21,54.77,64.3,46.5,58.65,52.95,59.81
2090.5,52.6,14.59,49.6,49.61,49.81,44.24,54.8,64.36,46.4,58.6,52.91,59.82
2091.0,52.65,14.68,49.51,49.63,49.77,44.26,54.84,64.41,46.3,58.56,52.87,59.83
2091.5,52.71,14.76,49.42,49.66,49.73,44.28,54.87,64.43,46.21,58.51,52.82,59.84
2092.0,52.77,14.85,49.33,49.68,49.69,44.3,54.9,64.44,46.13,58.46,52.78,59.86
2092.5,52.84,14.93,49.24,49.7,49.66,44.33,54.93,64.44,46.04,58.42,52.74,59.87
2093.0,52.91,15.01,49.16,49.72,49.62,44.35,54.96,64.43,45.97,58.37,52.71,59.88
2093.5,52.97,15.08,49.07,49.74,49.6,44.37,54.98,64.4,45.89,58.33,52.67,59.89
2094.0,53.04,15.15,48.99,49.76,49.57,44.4,55.01,64.37,45.83,58.29,52.63,59.9
2094.5,53.11,15.22,48.9,49.78,49.55,44.42,55.03,64.33,45.76,58.25,52.6,59.91
2095.0,53.18,15.29,48.82,49.8,49.54,44.44,55.06,64.29,45.7,58.22,52.56,59.92
2095.5,53.26,15.36,48.75,49.81,49.53,44.47,55.08,64.24,45.65,58.19,52.52,59.93
2096.0,53.32,15.43,48.67,49.83,49.52,44.49,55.1,64.19,45.6,58.16,52.49,59.94
2096.5,53.39,15.5,48.6,49.84,49.52,44.51,55.12,64.15,45.56,58.13,52.46,59.95
2097.0,53.46,15.57,48.53,49.85,49.52,44.53,55.13,64.11,45.52,58.1,52.42,59.95
2097.5,53.53,15.63,48.46,49.87,49.52,44.55,55.15,64.07,45.48,58.08,52.39,59.96
2098.0,53.59,15.7,48.39,49.88,49.52,44.57,55.17,64.03,45.45,58.06,52.36,59.97
